<application>
  <component name="GitRememberedInputs">
    <option name="visitedUrls">
      <list>
        <UrlAndUserName>
          <option name="url" value="https://github.com/dgketchum/satellite_image.git" />
          <option name="userName" value="" />
        </UrlAndUserName>
        <UrlAndUserName>
          <option name="url" value="http://github.com" />
          <option name="userName" value="dgketchum" />
        </UrlAndUserName>
        <UrlAndUserName>
          <option name="url" value="http://git.chg.ucsb.edu" />
          <option name="userName" value="dgketchum" />
        </UrlAndUserName>
      </list>
    </option>
    <option name="cloneParentDir" value="$USER_HOME$/PycharmProjects" />
  </component>
</application>